{"_step":7,"val_acc":0.966824644549763,"_runtime":1257,"epoch":8,"_timestamp":1.772035458225491e+09,"val_loss":0.09537916657115732,"train_loss":0.020921806918505474,"_wandb":{"runtime":1257},"train_acc":0.9917061611374408}