{"_timestamp":1.7722772350415192e+09,"epoch":9,"_step":8,"_wandb":{"runtime":400},"train_acc":0.9922985781990521,"val_acc":0.976303317535545,"_runtime":400,"train_loss":0.0285894589302051,"val_loss":0.07616830963109221}