{"epoch":7,"_wandb":{"runtime":5721},"val_acc":0.9715639810426541,"train_loss":0.04953594084495222,"train_acc":0.9840047393364929,"_step":6,"val_loss":0.1444393119475405,"_runtime":5721,"_timestamp":1.772277581929947e+09}